Content Creation Self-Paced Track Content (Broken down in weeks),,,,
Module,Week,Lessons,Activity,"Evaluation quiz
Graded Test"
CC-1: Content Identity & Concept Development,Week 1,Welcome to Content Identity & Concept Development,,
,,Welcome to the Content Creation Program,,
,,Introduction to Self-Paced Learning,,
,,How to Succeed in This Program,,
,,Community and Support,,
,,Introducing Your Public Diary,,
,,Onboarding and Baseline Assessment,,
,,Course Welcome,,
,,Becoming a Content Creator,,
,,Defining Your Content Brand,,
,,Who Are You as a Creator?,,
,,Creating Content with a Point of View,,
,,,Activity: Crafting Your Content Manifesto,
,,Visual Identity in Content Creation,,
,,,Activity: Visual Identity and Brand Moodboard,
,,Naming Your Content Brand,,
,,Case Study: Strong Creator Brand - MrBeast,,
,,Module 2 Wrap Up,,
,,,,
,,,,Quiz 2: Content Identity
,Week 2,Understanding Your Audience,,
,,Reflection: Your Content as a Product,,
,,From Many Ideas to One,,
,,If Social Media Platforms Were Parties,,
,,"Right People, Right Platform, Right Purpose",,
,,,Activity: Audience Analysis for Content You Consume,
,,Understanding Audience Personas,,
,,,Activity: Persona Matching,
,,,Activity: Creating an Audience Persona,
,,,Activity: Validating Your Audience Persona,
,,Creating Content that Connects,,
,,,Activity: From Idea to Distribution,
,,Public Diary Entry: Audience Research,,
,,Module 3 Wrap Up,,
,,,,
,,,,Quiz 3: Audience Strategy
,,Storytelling & Structure,,
,,Reflection: What Catches Your Attention?,,
,,Instructor Video: Storytelling & Structure,,
,,Storytelling That Keeps Viewers Watching,,
,,Understanding Story Logic,,
,,,Activity: Mapping Story Logic,
,,The Emotional Job of Content,,
,,The Science of Virality,,
,Week 3,,Activity: Reverse Engineering Storytelling Patterns,
,,,Activity: Shaping Your Debut Content,
,,,Activity: Visualizing and Pitching Your Content,
,,Public Diary Entry: The “Attention” Experiment,,
,,Module 4 Wrap Up,,
,,,,
,,,,Quiz 4: Story & Content Design
,,Refining Your Prototype,,
,,Reflection: Impact of Your Voice,,
,,"Instructor Video: Voice, Tone, and Format",,
,,Mastering Voice and Tone,,
,,Case Study: Creator Voice and Tone,,
,,,Activity: Identifying Tone Markers,
,,,Activity: Turning Your Flow into Your Script,
,,From One-Off to Format,,
,,Public Diary Entry: Your Content Direction,,
,,Course 1 Wrap Up,,
,,,,Mastery Project: Content Prototype Package
,Week 4 (Buffer),Buffer / catch-up week,,
CC-2: Content Creation Workflow,Week 5,Pre-Production for Creators,,
,,Welcome to Content Creation Workflow!,,
,,Masterclass: Joe Mathai on Planning & Production,,
,,Reflection: How Do You Usually Plan?,,
,,Instructor Video: Why Pre-Production Matters,,
,,Instructor Video: Introduction to Storyboarding and Visual Planning,,
,,,Activity: Everyday Action Storyboard,
,,Instructor Video: Storyboarding with Procreate,,
,,Pre-Production Storyboarding,,
,,,Activity: Pre-Production Storyboard,
,,Platform Framing Styles,,
,,Cinematic Language for Creators,,
,,,Activity: Recreate a Shot List,
,,,Activity: Building a Shot List,
,,Planning Your Production Timeline,,
,,Choosing a Posting Rhythm That Works for You,,
,,,Activity: Creating Your Content Calendar,
,,Pre-Production Planning for Shooting Solo,,
,,,Activity: Build Your Production Checklist,
,,Public Diary Entry: Strategy over Spontaneity,,
,,Module 1 Wrap Up,,
,,,,
,,,,Quiz 1: Pre-Production Planning
,Week 6,Filming Your Content,,
,,Reflection: On Camera Experience,,
,,,Activity: Observe How Creators Use Visual Language,
,,End-to-End Video Production,,
,,Instructor Video: Cinematography for Content Creators,,
,,Mastering Your Camera,,
,,,Activity: Getting Comfortable With Filming (On Camera),
,,,Activity: Getting Comfortable With Filming (Off Camera),
,,,Activity: Framing & Angles,
,,,"Activity: Shot Framing (One Moment, Two Ways)",
,,Shaping Mood with Lighting,,
,,Instructor Video: Mic Placement Tips and Audio Test Checklist,,
,,Capturing Clear Sound on Any Budget,,
,,,Activity: Creating a Visual Shot Plan,
,,,Activity: Filming Your First Content Piece,
,,,Activity: What Kind of Filmmaker Are You?,
,,Public Diary Entry: Cinematography,,
,,Module 2 Wrap Up,,
,,,,
,,,,Quiz 2: Filming Fundamentals
,Week 7,Editing Fundamentals,,
,,,Activity: Observe Before You Edit - Style Evolution,
,,Instructor Video: Introduction to Editing,,
,,Choosing Your Editing Tools,,
,,Technical Demo: Premiere Pro,,
,,Technical Demo: iMovie,,
,,,Activity: Practising Your First Edit,
,,Organizing Footage & Audio,,
,,,Activity: Creating Your Rough Cut,
,,,Activity: Editing Drills for Beginners,
,,Public Diary Entry: The First Cut and the Flow,,
,,Module 3 Wrap Up,,
,,,,
,,,,Quiz 3: Editing Basics
,Week 8,Editing for Engagement,,
,,Reflection: The Hook & First Seconds,,
,,Instructor Video: Editing for Clarity and Rhythm,,
,,Crafting a Platform-Aligned Editing Strategy,,
,,Types of Cuts & Techniques,,
,,How to Use Transitions,,
,,,Activity: Slow vs Fast Edit,
,,Video Sound Design,,
,,Ensuring Your Content is Audible & Understandable,,
,,,Activity: Upgrade Your Rough Cut,
,,Public Diary Entry: The Editor’s Mindset,,
,,Module 4 Wrap Up,,
,,,,
,,,,Quiz 4: Editing Strategy
,Week 9,Publishing Your Content,,
,,Instructor Video: Constructing the Narrative,,
,,Color Grading,,
,,"Titles, Captions, and Thumbnails",,
,,,Activity: Creating Your Editing Workflow & Checklist,
,,,Activity: Creating Your Final Video,
,,Reflection: Perfection versus Good Enough,,
,,Public Diary Entry: Completion & Nerve,,
,,Course 2 Wrap Up,,
,,,,Mastery Project: Video Content Piece
,Week 10 (Buffer),Buffer / catch-up week,,
CC-3: AI-Enhanced Content Creation,Week 11,Foundations of Generative AI,,
,,Welcome to AI-Enhanced Content Creation,,
,,What is AI and How Does It Work?,,
,,The Generative Shift,,
,,Generative AI Models Explained,,
,,How AI Learns from Data,,
,,Thinking in AI: The 4D Framework,,
,,Ethical Considerations in AI Creativity,,
,,,Activity: Your Personal AI Code of Ethics,
,,,Activity: Build A Creative Concept with Gen AI,
,,,Activity: Must-Know AI Buzzwords,
,,Module 1 Wrap Up,,
,,,,
,,,,Quiz 1: Foundations of Generative AI
,,AI as a Creative Collaborator,,
,,What is Creativity?,,
,,How AI Can Expand Human Creativity,,
,,Limitations of AI for Creative Expression,,
,,,Activity: A Guide to Co-Creating with AI,
,,,Activity: What is Your Creative Archetype and How Can You Leverage AI?,
,,,Activity: Experimenting with AI Image Trends,
,,"Public Diary Entry: Ownership and the ""Soul"" of the Work",,
,,Module 2 Wrap Up,,
,,,,
,,,,Quiz 2: AI Collaboration
,Week 12,Prompt Engineering for Creators,,
,,Crafting Effective Prompts,,
,,Understanding AI Prompt Structures,,
,,,Activity: Prompt Testing Lab,
,,,Activity: AI Mad Libs,
,,,Activity: Reverse Engineering,
,,Can You Trust AI Outputs?,,
,,Module 3 Wrap Up,,
,,,,
,,,,Quiz 3: Prompt Engineering
,,Ai for Content Creation,,
,,Reflection: The Role Of AI In Content Creation,,
,,Masterclass: Dagim Fikremariam on Creating a Campaign Using AI,,
,,AI Tools To Support Content Creation,,
,,An AI-Enabled Content Creation Workflow,,
,,,Activity: Audience Persona Builder,
,Week 13,,Activity: Message Pillar Framework,
,,,Activity: Smart Content Calendar,
,,Brainstorming with AI to Unlock Your Creativity,,
,,,Activity: AI Crazy 8s,
,,,Activity: Mood Board Creation,
,,,Activity: Story Restructuring for Emotional Impact,
,,,Activity: Social Media Beat Outline,
,,,Activity: Storyboarding with AI,
,,,Activity: AI-Assisted Scriptwriting,
,,,Activity: Your AI Narrator,
,,,Activity: AI Video or Ad Challenge,
,,Course Wrap Up,,
,,,,Mastery Project: AI-Assisted Content Piece
,Week 14 (Buffer),Buffer / catch-up week,,
CC-4: Animation & Motion Graphics Foundations,Week 15,Welcome to Animation & Motion Graphic Foundations!,,
,,Where You've Been and Where You're Going,,
,,How to Create an Explainer Video,,
,,,Activity: Analyzing an Explainer Video,
,,,Activity: Choosing and Scripting Your Explainer Topic,
,,,Activity: Create a Storyboard Sequence,
,,Example Key Shots Using Unreal Engine,,
,,Module 1 Wrap Up,,
,,,,
,,,,Quiz 1: Explainers
,,Enhancing Your Story with Motion,,
,,Integrating Motion Graphics,,
,,Reflection: Opportunities for Motion Graphics & Visual Overlays,,
,,,Activity: Motion Graphics in Canva,
,,,Activity: Motion Graphics in CapCut,
,Week 16,Resources: Learning Motion Graphics,,
,,Instructor Video: Adobe After Effects Basics,,
,,,Activity: Motion Graphics Segment,
,,Module 2 Wrap Up,,
,,,,
,,,,Quiz 2: Motion Graphics
,,Animation Techniques & Production Approaches,,
,,Reflection: What Can A Simple Doodle Communicate That Words Can't?,,
,,,Activity: Traditional 2D Animation & Visual Metaphor,
,,,Activity: Experimenting with Visual Metaphor,
,Week 17,Technical Demo: Traditional Animation,,
,,,Activity: Animating a Hand-Drawn Sequence,
,,Resources: Learning Animation,,
,,Reflection: Animating Without Drawing,,
,,Stop Motion and Hybrid Approaches,,
,,Technical Demo: Stop Motion & Hybrid Approaches,,
,,,Activity: Build Your Animation Skills,
,,,Activity: Creating a Stop Motion Video in Canva,
,Week 18,Public Diary Entry: Animating with Intention,,
,,Module 3 Wrap Up,,
,,,,
,,,,Quiz 3: Animation
,,"Final Production, Optimisation, & Distribution",,
,,Instructor Video: Adapting Your Work,,
,,Reflection: How Do You Make Someone Stop Scrolling?,,
,,,Activity: How Creators Grab Attention,
,,Instructor Video: Bringing it All Together - Editing for Engagement,,
,Week 19,Instructor Video: Final Integration,,
,,,Activity: Editing for Platform Impact,
,,Instructor Video: How to Make Your Video Travel,,
,,,Activity: Developing a Caption Strategy,
,,,Activity: Tracking Engagement,
,,Public Diary Entry: The First 3 Seconds: Earning Attention,,
,,Reflection: What Final Push Does Your Video Need?,,
,,Tips for Finalizing Your Explainer Video,,
,,Course Wrap Up,,
,,,,Mastery Project: Explainer Video
,Week 20 (Buffer),Buffer / catch-up week,,
CC-5: Business Foundations for Content Creators,Week 21,The Creator Economy & Monetization,,
,,Welcome to Business Foundations for Content Creators!,,
,,Reflection: What Does It Mean To Turn Your Creativity Into A Career?,,
,,How to Make Money as a Content Creator,,
,,Instructor Video: Monetizing Through Merchandise,,
,,Instructor Video: Discovering Your Niche Through Experimentation and Data Analysis,,
,,,Activity: Creator Growth Simulation,
,,,Activity: Protecting Your Work As A Content Creator,
,,,Activity: Your Creator Venture Canvas,
,,Public Diary Entry: From Creator to Entrepreneur,,
,,Course Wrap Up,,
,,End of Program Survey,,
,,,,Mastery Project: Creator Venture Canvas
,,,,Quiz 1: Creator Economy
,Week 22 (Buffer),Buffer / catch-up week,,