Graphic Design Self-Paced Track Content (Broken down in weeks),,,,
Module,Week,Lessons,Activity,"Evaluation quiz
Graded Test"
GD-1: Graphic Design Software Fundamentals,Week 1,Welcome,,
,,Welcome to the Graphic Design Program!,,
,,Introduction to Self-Paced Learning,,
,,How to Succeed in This Program,,
,,Community and Support,,
,,Introducing Your Public Diary,,
,,Onboarding and Baseline Assessment,,
,,Course Onboarding,,
,,Think Like a Graphic Designer,,
,,What You Will Do in This Course,,
,,What is Graphic Design?,,
,,Elements of Graphic Design,,
,,Principles of Graphic Design,,
,,Design Elements and Principles in Action,,
,,Analyzing Professional Design Works,,
,,Beginning the Journey from Learner to Designer,,
,,,Activity: Skill Building Exercises,
,,,Activity: Practice Your Technical Design Skills,
,,,Activity: Improving Your Attention to Detail,
,,Module 1 Wrap Up,,
,,,,
,,,,Quiz 1: Graphic Design Foundations
,Week 2,Explore the Tools of Graphic Design,,
,,Introduction to Design Software Tools,,
,,Advice: How to Learn New Tools,,
,,Essentials of Design Software,,
,,Software Selection Strategy,,
,,Overview of Design Software Demos,,
,,Demo: Google Slides,,
,,Demo: Canva,,
,,Demo: Adobe Illustrator,,
,,Demo: Adobe InDesign,,
,,Demo: Adobe Photoshop,,
,,Demo: Affinity,,
,,Software Deep Dive: Google Slides,,
,,Software Deep Dive: Canva,,
,,Software Deep Dive: Affinity,,
,,Software Deep Dive: Adobe Illustrator,,
,,Software Deep Dive: Adobe Photoshop,,
,,Software Deep Dive: Adobe InDesign,,
,,,Activity: Practice Your Technical Design Skills,
,,Module 2 Wrap Up,,
,,,,
,,,,Quiz 2: Design Software
,Week 3,Create Your First Design,,
,,Advice: Getting Ready for the Mastery Project,,
,,Developing Your Graphic Design Workflow,,
,,What Is Conceptualizing in Graphic Design?,,
,,Key Idea Generation Methods,,
,,,Activity: Mindmapping Simulation,
,,Communicating Your Concept,,
,,The Practice of Graphic Design,,
,,Masterclass: Evon Evance on Building a Graphic Design Career,,
,,Public Diary Entry - Your First Design,,
,,Course Wrap Up,,
,,,,Mastery Project: Design Project
,Week 4 (Buffer),Buffer / catch-up week,,
GD-2: Foundations of Graphic Design & Visual Language,Week 5,Design Foundations Refresher,,
,,Welcome to Foundations of Graphic Design & Visual Language!,,
,,Advice: Conquering the Mastery Project,,
,,Refresher: Elements of Graphic Design,,
,,Refresher: Principles of Graphic Design,,
,,Principles of Graphic Design | Balance,,
,,Principles of Graphic Design | Alignment,,
,,,Activity: Design Critique 1,
,,Principles of Graphic Design | Repetition,,
,,Principles of Graphic Design | Contrast,,
,,Principles of Graphic Design | Proximity,,
,,,Activity: Design Critique 2,
,,Gestalt Principles of Design,,
,,Module 1 Wrap Up,,
,,,,
,,,,Quiz 1: Design Foundations
,,Culturally-Inspired Design & Visual Research,,
,,Introduction to Culturally-Inspired Design,,
,,Incorporating Culturally-Inspired Design into Your Graphic Design Style,,
,,Inspiration: African Graphic Design,,
,,,Activity: Evaluating Culturally-Inspired Design,
,,Research: Artistic Practices and Storytelling Forms,,
,Week 6,Research: Textile & Cloth Traditions,,
,,Research: Scripts & Writing Systems,,
,,Research: African Traditional Design Systems,,
,,Instructor Video: Deconstructing African Textile Patterns,,
,,,Activity: Pattern Dissection,
,,,Activity: Who Are You as a Designer?,
,,,Activity: Mapping Identity and Inspiration,
,,,Activity: From Insight to Intent,
,,Industry Stories: Fungi Dube,,
,,Module 2 Wrap Up,,
,,,,
,,,,Quiz 2: Culturally-Inspired Design
,,From Identity to Pattern Systems,,
,,Reflection: From Identity to Design Language,,
,,,Activity: Defining Elements of Your Pattern,
,,From Units to Pattern Systems,,
,,,Activity: Building Your Pattern,
,,,Activity: Skill Building Exercises,
,,Industry Stories: Osmond Tshuma,,
,Week 7,Module 3 Wrap Up,,
,,,,
,,,,Quiz 3: Patterns
,,"Color, Meaning, & Final Refinement",,
,,Reflection: You and Color,,
,,Instructor Video: What is Color Theory?,,
,,Understanding International Color Symbolism,,
,,Color Perception and the Designer’s Eye,,
,,Building Palettes & Systems,,
,,,Activity: Skill Building Exercises,
,,,Activity: Adding Color to Your Pattern,
,,Reflection: What Is Your Pattern Telling You?,,
,,,Activity: Evolve Your Pattern,
,,,Activity: Color as Language,
,,Course Wrap Up,,
,,,,Mastery Project: Culturally-Inspired Design
,Week 8 (Buffer),Buffer / catch-up week,,
GD-3: Poster Design & Visual Composition,Week 9,Understanding Posters as Visual Communication,,
,,Welcome to Poster Design & Visual Composition!,,
,,Advice: Conquering the Mastery Project,,
,,What is a Poster?,,
,,Instructor Video: Understanding Poster Format and Function Possibilities,,
,,Learning To Analyze Design Examples During Research,,
,,,Activity: Skill Building Exercises,
,,Module 1 Wrap Up,,
,,,,
,,,,Quiz 1: Poster Design
,,Soft Skills for Graphic Designers,,
,,Why Are Soft Skills Important for Designers?,,
,,Creative Communication & Articulation of Design Decisions,,
,,Creative Problem-Solving & Critical Thinking for Designers,,
,,,Activity: Breaking Down a Design Brief,
,,"Collaboration, Feedback Culture, & Team Communication",,
,,"Time Management, Project Planning, & Workflow Discipline",,
,,"Resilience, Creative Confidence & Healthy Mindset for Designers",,
,,,Activity: Design Your Resilience Plan,
,,Module 2 Wrap Up,,
,,,,
,,,,Quiz 2: Design Soft Skills
,,Designing and Refining Your Poster,,
,,Mastery Project Instructions,,
,,,Activity: Conceptualizing Your Poster,
,,Gathering Supporting Graphic Elements,,
,,Instructor Video: Tips for Making a Poster,,
,,,Activity: Sketching Your Poster Layout,
,,,Activity: Refining Your Poster,
,,Feedback: Share Your Final Poster,,
,,"Public Diary Entry: Your Poster, Your Voice",,
,,Course Wrap Up,,
,,,,Mastery Project: Poster Design
,Week 10 (Buffer),Buffer / catch-up week,,
GD-4: Typography & Grid Systems,Week 11,Understanding Typography as Visual Language,,
,,Welcome to Typography & Grid Systems!,,
,,Advice: Conquering the Mastery Project,,
,,Why Typography and Grid Systems Belong Together,,
,,Typography as Visual Language,,
,,Anatomy of a Typeface & Typographic Terminology,,
,,Typeface Families and Tone,,
,,"Introduction to Grid Systems, Structure & Spatial Rhythm",,
,,Hierarchy in Typography & Layout,,
,,"Size, Weight, Scale, Spacing, & Contrast",,
,,Creating Hierarchy Using Weight & Color Systems,,
,,"Type Pairing, Font Systems & Accessible Typography",,
,,,Activity: Label Redesign,
,,,Activity: Magazine Cover Redesign,
,Week 12,Public Diary Entry: Typography Shapes the Experience,,
,,Module 1 Wrap Up,,
,,,,
,,,,Quiz 1: Typography & Grid Systems
,,Designing Layouts with Grid Systems,,
,,Choosing a Grid for Different Content Types,,
,,Setting Up Your Grid in Design Software,,
,,Placing Type Within Grid Systems,,
,,"Building Hierarchy Using Structure, Scale & Alignment",,
,,,Activity: Grid Selection & Sketching,
,,"Managing White Space, Balance, & Visual Flow",,
,Week 13 (½ week),Experimental & Afrocentric Typographic Layouts,,
,,,Activity: Poster Feedback,
,,Course Wrap Up,,
,,,,Mastery Project: Typographic Poster
,Week 13.5 (Buffer),Buffer / catch-up week,,
GD-5: Editorial & Magazine Design,Week 14.5,Understanding Editorial Design & Developing Your Story,,
,,Welcome to Editorial & Magazine Design,,
,,Advice: Conquering the Mastery Project,,
,,Introduction to Magazines,,
,,Typographic Systems for Long-Form Reading,,
,,Working with Imagery,,
,,Editorial Art Direction & Visual Language,,
,,Multi-Page Layouts & Publication Structure,,
,,Research: What Makes a Compelling Editorial Layout?,,
,,Research: Who Will You Spotlight?,,
,Week 15.5,,Activity: Building & Mapping Your Editorial Concept,
,,,Activity: Skill Building Exercises,
,,Module 1 Wrap Up,,
,,,,
,,,,Quiz 1: Magazine Design
,,Designing Editorial Layout Systems,,
,,Warm Up: Which Font Speaks to You?,,
,,Instructor Video: Typography,,
,,,Activity: Typography & Layout,
,,"Instructor Video: Grids, Textures, & Layout Foundations",,
,,,Activity: Thumbnailing Your Layout,
,,Module 2 Wrap Up,,
,,,,
,,,,Quiz 2: Editorial Layout
,Week 16.5,Producing a Magazine Spread,,
,,Warm Up: Thumbnail Sketching Templates,,
,,Option 1 - Designing Your Magazine Editorial in Canva,,
,,Option 2 - Designing Your Magazine Editorial in Adobe InDesign,,
,,Option 3 - Designing Your Magazine Editorial in Affinity,,
,,,Activity: Refining Your Magazine Editorial,
,,Public Diary Entry: White Space & Editorial Pacing,,
,,Course Wrap Up,,
,,,,Mastery Project: Magazine Spread
,Week 17.5 (Buffer),Buffer / catch-up week,,
GD-6: Designing for Social Media,Week 18.5,Designing for Social Media,,
,,Welcome to Designing for Social Media!,,
,,Advice: Conquering the Mastery Project,,
,,Introduction to Social Media Design,,
,,Instructor Video: Best Practices for Social Media Design,,
,,Research: Selecting Your Organization,,
,,Working with Images: Vector vs. Raster,,
,,Platform-Specific Design Standards & Formats,,
,,"Colour, Composition, & Storytelling for Social Media",,
,,"Image, Photography, & Asset Treatment for Social Media",,
,,Social Media Typography Systems,,
,,Research: Social Media Carousel Design Critique,,
,,,Activity: Learning From Live Feeds,
,,,Activity: From Ideas to Vision,
,,,Activity: Setting the Visual Tone,
,,Module 1 Wrap Up,,
,,,,
,,,,Quiz 1: Social Media Design
,,Developing a Social Media Visual Strategy,,
,,,Activity: Reverse Engineering a Social Media Strategy,
,,,Activity: Crafting Your Campaign Strategy,
,,,Activity: Framing Your Visual Brand,
,,Gathering Your Supporting Elements,,
,,,Activity: Building Your Carousel Sequence,
,Week 19.5,,Activity: Expanding Your Narrative Through Motion,
,,Public Diary Entry: Seamless Storytelling,,
,,Module 2 Wrap Up,,
,,,,
,,,,Quiz 2: Visual Strategy
,,Refinement for Digital Publishing,,
,,Warm Up: See It With Fresh Eyes,,
,,Instructor Video: Social Media Refinements,,
,,,Activity: Refining Your Social Media Campaign,
,,,Activity: Feedback on Your Social Media Campaign,
,,Course Wrap Up,,
,,,,Mastery Project: Social Media Campaign
,Week 20.5 (Buffer),Buffer / catch-up week,,
GD-7: Brand Strategy for Designers,Week 21.5,Brand Identity Design,,
,,Welcome to Brand Strategy for Designers!,,
,,Advice: Conquering the Mastery Project,,
,,Introduction to Branding,,
,,Instructor Video: Brand Strategy,,
,,The Double Diamond Process,,
,,Inspiration: Exploring Brand Redesigns,,
,,Research: Brand Case Studies,,
,,Research: Select Your Organization,,
,,,Activity: Analyze Your Organization,
,,Masterclass: Abuakwa Siaw-Misa on Creating a Brand Identity,,
,,Public Diary Entry: Brand Discovery,,
,,Module 1 Wrap Up,,
,,,,
,,,,Quiz 1: Brand Strategy
,,"Logo, Typography, & Visual Language",,
,,,Activity: From Strategy to Visual Exploration,
,,Understanding Logos and Logotypes,,
,Week 22.5,,Activity: Sketching Your Logo,
,,"Sketching, Iteration, & Digital Execution",,
,,,Activity: Designing Your Logotype,
,,,Activity: Introducing Color Systems,
,,,Activity: Incorporating Icons and Patterns,
,,Module 2 Wrap Up,,
,,,,
,,,,Quiz 2: Logo & Logotype
,,Brand Systems,,
,,Case Study: Finding Inspiration from the Andela Rebrand,,
,,Bringing Your Brand Ingredients Together,,
,Week 23.5,,Activity: Exploring Lock-Ups and Brand Compositions,
,,,Activity: Prototyping Your Brand Applications,
,,Module 3 Wrap Up,,
,,,,
,,,,Quiz 3: Brand Systems
,,Design Refinement,,
,,Instructor Video: Guidance for Finalizing the Mastery Project,,
,,Instructor Video: Refinement,,
,,Reflection: The Art of Refinement,,
,,,Activity: Refining Your Brand Elements,
,,Feedback: Final Brand System,,
,,Course Wrap Up,,
,,,,Mastery Project: Brand Identity Package
,Week 24.5 (Buffer),Buffer / catch-up week,,
GD-8: AI for Graphic Design,Week 25.5,Foundations of Generative AI,,
,,Welcome to AI for Graphic Design!,,
,,Advice: Conquering the Mastery Project,,
,,What is AI and How Does It Work,,
,,The Generative Shift,,
,,How AI Learns from Data,,
,,Generative AI Models Explained,,
,,Thinking in AI: The 4D Framework,,
,,Ethical Considerations in AI Creativity,,
,,,Activity: Your Personal AI Code of Ethics,
,,,Activity: Build A Creative Concept with Gen AI,
,,,Activity: Must-Know AI Buzzwords,
,,Module 1 Wrap Up!,,
,,,,
,,,,Quiz 1: Foundations of Generative AI
,,AI as a Creative Collaborator,,
,,Rethinking Creativity in the Age of Artificial Intelligence,,
,,How AI Can Expand Human Creativity,,
,,A Guide to Co-Creating with AI,,
,,,Activity: What is Your Creative Archetype?,
,,,Activity: Creativity Meets AI,
,,Understanding AI Prompt Structures,,
,,,Activity: Crafting Effective Prompts,
,,,Activity: Experimenting with AI Image Trends,
,,,Activity: Reverse Engineering,
,,"Public Diary Entry: Ownership and the ""Soul"" of the Work",,
,,Module 2 Wrap Up,,
,,,,
,,,,Quiz 2: AI Collaboration
,Week 26.5,Responsible Use of AI,,
,,Limitations of AI for Creative Expression,,
,,"AI Hallucinations, Bias & Misinformation",,
,,,Activity: Trust Boundaries with AI,
,,Responsible Use of AI in Graphic Design,,
,,Ethical AI Use for Designers,,
,,Avoiding Creative Dependency,,
,,Module 3 Wrap Up,,
,,,,
,,,,Quiz 3: Critical Thinking & Responsible AI
,,AI for Graphic Design,,
,,Introduction to AI-Powered Design Workflows,,
,,The Role of AI in Modern Graphic Design,,
,,Integration of AI into Design Software,,
,Week 27.5 (½ week),AI Design Platforms and Tools,,
,,,Activity: Logo Design with AI,
,,,Activity: Social Media Post,
,,,Activity: Poster Design,
,,Public Diary Entry: AI Assisted Designs,,
,,Course Wrap Up,,
,,,,Mastery Project: AI-Assisted Design Project
,Week 28 (Buffer),Buffer / catch-up week,,
GD-9: Portfolio Development,Week 29,Creating Your Personal Brand,,
,,Welcome to Graphic Design Portfolio Development,,
,,Advice: Conquering the Mastery Project,,
,,Introduction to Personal Branding,,
,,Double Diamond Refresher,,
,,Case Study: Developing Your Personal Brand Using Double Diamond Process,,
,,Personal Branding and Portfolio Examples,,
,,Defining Your Creative Identity & Unique Value,,
,,Visual Identity Design for Your Personal Brand,,
,,Crafting a Strong Online Presence,,
,,"Examples: Personal Brand, Mood Board, Brand Guide",,
,,,Activity: Create Your Personal Brand,
,,Module 1 Wrap Up,,
,,,,
,,,,Quiz 1: Personal Branding
,,Building & Presenting Your Portfolio,,
,,What is a Portfolio?,,
,,Instructor Video: Understanding Case Studies,,
,,Instructor Videos: How to Build Case Studies,,
,,Instructor Video: Examples of Ways to Show Your Work,,
,,,Activity: Build Your Case Studies,
,,Graphic Design Portfolio Platforms,,
,,,Activity: Create Your Portfolio,
,,Your Portfolio Checklist,,
,,Public Diary Entry: Your Portfolio is Live,,
,,Course Wrap Up,,
,,,,Mastery Project: Graphic Design Portfolio
,Week 30 (Buffer),Buffer / catch-up week,,
GD-10: Freelancing & Business Skills,Week 31,Professional Practice,,
,,Welcome to Freelancing & Business Skills for Graphic Designers!,,
,,Introduction to Professional Practices,,
,,Understanding the Creative Industry & Designer Roles,,
,,"Designer Career Paths, Opportunities, & Income Streams",,
,,Financial Literacy for Designers,,
,,,Activity: Design Your Personal Money System,
,,Module 1 Wrap Up,,
,,,,
,,,,Quiz 1: Professional Practice
,,Focus on Freelancing,,
,,Advice: Conquering the Mastery Project,,
,,Masterclass: Robbie Danson on Building a Design Career,,
,,Instructor Video: Graphic Design Hiring & Freelancing Process,,
,,Awareness: Marketing & Networking,,
,,Awareness: Networking & Community Engagement,,
,,Awareness: Building Strategic Visibility,,
,,"Consideration: Sales Calls, Pricing, & Proposals",,
,,Consideration: Selecting Your Pricing Strategy,,
,,,Activity: Creating an Invoice and Ratecard,
,,Consideration: Automating Client Engagement and Lead Generation,,
,,"Conversion: Contracts (Scope of Work, Payment, Terms and Conditions)",,
,,Relationship: Effective Client Communication,,
,,Relationships: Client Management (More on Communication),,
,,Relationship: Providing Exceptional Service,,
,,Advocacy: Client Testimonials,,
,,Advocacy: Cultivating Repeat Business,,
,,Course Wrap Up,,
,,End of Program Survey,,
,,,,Mastery Project: Freelancer Toolkit
,Week 32 (Buffer),Buffer / catch-up week,,